getAll,,
add,key145,value145
getAll,,
get,key84,
add,key161,value161
getAll,,
getAll,,
getAll,,
getAll,,
getAll,,
getAll,,
add,key175,value175
getAll,,
getAll,,
getAll,,
getAll,,
getAll,,
add,key88,value88
add,key115,value115
delete,key100,
getAll,,
getAll,,
getAll,,
getAll,,
getAll,,
getAll,,
getAll,,
add,key116,value116
getAll,,
add,key73,value73
add,key15,value15
getAll,,
getAll,,
add,key58,value58
add,key184,value184
getAll,,
add,key205,value205
getAll,,
getAll,,
add,key43,value43
getAll,,
getAll,,
getAll,,
add,key121,value121
getAll,,
getAll,,
add,key242,value242
getAll,,
getAll,,
getAll,,
getAll,,
getAll,,
getAll,,
add,key57,value57
getAll,,
getAll,,
add,key75,value75
add,key104,value104
getAll,,
add,key203,value203
add,key14,value14
getAll,,
getAll,,
getAll,,
getAll,,
getAll,,
add,key82,value82
add,key176,value176
add,key64,value64
add,key150,value150
getAll,,
getAll,,
getAll,,
getAll,,
getAll,,
getAll,,
add,key27,value27
add,key40,value40
getAll,,
add,key137,value137
getAll,,
add,key144,value144
getAll,,
getAll,,
getAll,,
getAll,,
add,key190,value190
add,key235,value235
getAll,,
getAll,,
getAll,,
add,key239,value239
getAll,,
getAll,,
getAll,,
getAll,,
add,key132,value132
add,key105,value105
getAll,,
add,key31,value31
getAll,,
getAll,,
add,key164,value164
add,key94,value94
add,key1,value1
getAll,,
getAll,,
add,key4,value4
getAll,,
getAll,,
delete,key240,
get,key248,
get,key212,
add,key101,value101
getAll,,
getAll,,
getAll,,
getAll,,
add,key13,value13
getAll,,
add,key26,value26
getAll,,
get,key40,
getAll,,
getAll,,
add,key81,value81
add,key111,value111
getAll,,
get,key4,
getAll,,
delete,key20,
getAll,,
getAll,,
getAll,,
getAll,,
getAll,,
getAll,,
add,key134,value134
getAll,,
getAll,,
getAll,,
getAll,,
getAll,,
getAll,,
add,key127,value127
getAll,,
getAll,,
getAll,,
getAll,,
add,key156,value156
delete,key110,
getAll,,
getAll,,
get,key36,
getAll,,
getAll,,
delete,key30,
getAll,,
getAll,,
getAll,,
add,key167,value167
getAll,,
add,key162,value162
getAll,,
getAll,,
add,key117,value117
getAll,,
getAll,,
add,key230,value230
getAll,,
getAll,,
add,key155,value155
add,key84,value84
getAll,,
getAll,,
add,key187,value187
add,key157,value157
getAll,,
getAll,,
getAll,,
getAll,,
add,key71,value71
get,key240,
getAll,,
getAll,,
getAll,,
getAll,,
getAll,,
getAll,,
getAll,,
getAll,,
add,key200,value200
getAll,,
add,key102,value102
getAll,,
getAll,,
add,key91,value91
getAll,,
getAll,,
get,key216,
getAll,,
getAll,,
getAll,,
add,key163,value163
get,key20,
getAll,,
add,key153,value153
get,key132,
delete,key160,
add,key249,value249
getAll,,
getAll,,
getAll,,
delete,key190,
getAll,,
getAll,,
getAll,,
getAll,,
get,key176,
add,key44,value44
getAll,,
getAll,,
getAll,,
getAll,,
getAll,,
add,key141,value141
getAll,,
get,key128,
getAll,,
getAll,,
getAll,,
getAll,,
add,key87,value87
getAll,,
getAll,,
getAll,,
getAll,,
getAll,,
getAll,,
getAll,,
getAll,,
getAll,,
getAll,,
add,key143,value143
getAll,,
getAll,,
getAll,,
add,key80,value80
getAll,,
getAll,,
getAll,,
add,key45,value45
getAll,,
get,key208,
getAll,,
add,key90,value90
getAll,,
getAll,,
getAll,,
getAll,,
add,key140,value140
get,key16,
getAll,,
getAll,,
delete,key130,
delete,key210,
add,key89,value89
getAll,,
getAll,,
getAll,,
getAll,,
add,key196,value196
getAll,,
getAll,,
getAll,,
add,key24,value24
getAll,,
getAll,,
getAll,,
add,key55,value55
getAll,,
add,key222,value222
getAll,,
get,key104,
add,key50,value50
getAll,,
getAll,,
getAll,,
getAll,,
getAll,,
getAll,,
getAll,,
getAll,,
getAll,,
getAll,,
getAll,,
getAll,,
getAll,,
add,key19,value19
getAll,,
getAll,,
getAll,,
getAll,,
getAll,,
getAll,,
getAll,,
getAll,,
getAll,,
add,key218,value218
add,key227,value227
get,key60,
getAll,,
getAll,,
add,key177,value177
getAll,,
getAll,,
getAll,,
getAll,,
add,key39,value39
getAll,,
add,key212,value212
getAll,,
add,key226,value226
getAll,,
getAll,,
getAll,,
add,key97,value97
get,key144,
add,key189,value189
add,key185,value185
getAll,,
add,key9,value9
getAll,,
getAll,,
getAll,,
add,key41,value41
getAll,,
delete,key120,
getAll,,
getAll,,
getAll,,
getAll,,
getAll,,
getAll,,
getAll,,
add,key49,value49
get,key56,
getAll,,
add,key109,value109
add,key152,value152
add,key16,value16
getAll,,
getAll,,
getAll,,
getAll,,
getAll,,
getAll,,
add,key234,value234
getAll,,
getAll,,
getAll,,
getAll,,
getAll,,
getAll,,
getAll,,
add,key201,value201
add,key67,value67
getAll,,
get,key220,
getAll,,
add,key245,value245
getAll,,
getAll,,
getAll,,
add,key52,value52
getAll,,
getAll,,
getAll,,
add,key241,value241
getAll,,
getAll,,
add,key122,value122
get,key48,
add,key170,value170
getAll,,
getAll,,
getAll,,
getAll,,
getAll,,
getAll,,
add,key35,value35
getAll,,
add,key8,value8
getAll,,
getAll,,
add,key232,value232
getAll,,
getAll,,
getAll,,
add,key123,value123
getAll,,
getAll,,
getAll,,
getAll,,
add,key18,value18
getAll,,
add,key231,value231
add,key48,value48
getAll,,
add,key224,value224
getAll,,
getAll,,
add,key243,value243
getAll,,
getAll,,
getAll,,
add,key99,value99
get,key236,
add,key110,value110
getAll,,
getAll,,
getAll,,
getAll,,
getAll,,
getAll,,
add,key79,value79
add,key225,value225
getAll,,
getAll,,
getAll,,
getAll,,
add,key198,value198
add,key151,value151
getAll,,
getAll,,
getAll,,
getAll,,
add,key135,value135
getAll,,
add,key124,value124
getAll,,
getAll,,
add,key32,value32
get,key88,
getAll,,
get,key168,
getAll,,
getAll,,
getAll,,
add,key42,value42
getAll,,
getAll,,
getAll,,
add,key62,value62
getAll,,
getAll,,
add,key72,value72
getAll,,
getAll,,
getAll,,
getAll,,
getAll,,
getAll,,
getAll,,
add,key168,value168
getAll,,
getAll,,
getAll,,
getAll,,
getAll,,
add,key108,value108
add,key149,value149
getAll,,
getAll,,
getAll,,
add,key23,value23
add,key233,value233
getAll,,
getAll,,
getAll,,
getAll,,
getAll,,
getAll,,
add,key30,value30
getAll,,
getAll,,
getAll,,
add,key114,value114
get,key76,
getAll,,
add,key120,value120
get,key172,
add,key191,value191
getAll,,
getAll,,
getAll,,
getAll,,
add,key66,value66
getAll,,
getAll,,
get,key200,
getAll,,
add,key186,value186
getAll,,
getAll,,
add,key22,value22
delete,key200,
add,key68,value68
delete,key10,
delete,key80,
getAll,,
getAll,,
getAll,,
getAll,,
getAll,,
getAll,,
add,key131,value131
getAll,,
add,key125,value125
getAll,,
getAll,,
getAll,,
add,key208,value208
getAll,,
getAll,,
getAll,,
getAll,,
getAll,,
getAll,,
getAll,,
get,key8,
add,key219,value219
delete,key140,
add,key159,value159
getAll,,
add,key221,value221
add,key76,value76
getAll,,
add,key228,value228
getAll,,
getAll,,
getAll,,
add,key51,value51
get,key164,
getAll,,
add,key21,value21
getAll,,
add,key17,value17
getAll,,
add,key36,value36
getAll,,
getAll,,
delete,key180,
getAll,,
add,key166,value166
getAll,,
getAll,,
getAll,,
getAll,,
add,key197,value197
add,key12,value12
getAll,,
getAll,,
getAll,,
getAll,,
add,key78,value78
getAll,,
getAll,,
getAll,,
getAll,,
getAll,,
add,key7,value7
getAll,,
get,key44,
getAll,,
get,key100,
getAll,,
getAll,,
add,key193,value193
getAll,,
add,key77,value77
get,key196,
getAll,,
add,key199,value199
getAll,,
getAll,,
getAll,,
getAll,,
getAll,,
add,key223,value223
getAll,,
get,key160,
getAll,,
getAll,,
getAll,,
getAll,,
add,key236,value236
getAll,,
add,key220,value220
add,key65,value65
getAll,,
add,key178,value178
getAll,,
getAll,,
getAll,,
getAll,,
add,key160,value160
getAll,,
getAll,,
getAll,,
getAll,,
getAll,,
get,key188,
get,key136,
get,key28,
getAll,,
getAll,,
add,key183,value183
getAll,,
add,key126,value126
getAll,,
add,key238,value238
getAll,,
getAll,,
getAll,,
getAll,,
getAll,,
add,key33,value33
getAll,,
getAll,,
get,key180,
getAll,,
getAll,,
get,key148,
getAll,,
get,key64,
getAll,,
get,key72,
getAll,,
getAll,,
get,key112,
getAll,,
getAll,,
getAll,,
add,key107,value107
add,key83,value83
getAll,,
getAll,,
getAll,,
getAll,,
getAll,,
delete,key60,
getAll,,
getAll,,
getAll,,
getAll,,
add,key240,value240
add,key38,value38
getAll,,
add,key86,value86
delete,key220,
getAll,,
add,key169,value169
getAll,,
getAll,,
getAll,,
getAll,,
getAll,,
getAll,,
getAll,,
delete,key150,
getAll,,
getAll,,
getAll,,
add,key202,value202
add,key59,value59
getAll,,
add,key29,value29
getAll,,
getAll,,
getAll,,
getAll,,
add,key216,value216
getAll,,
add,key172,value172
add,key69,value69
getAll,,
getAll,,
getAll,,
getAll,,
delete,key90,
getAll,,
getAll,,
getAll,,
getAll,,
getAll,,
getAll,,
add,key244,value244
getAll,,
getAll,,
add,key46,value46
getAll,,
getAll,,
getAll,,
getAll,,
add,key181,value181
getAll,,
getAll,,
getAll,,
add,key112,value112
getAll,,
getAll,,
getAll,,
getAll,,
get,key92,
getAll,,
getAll,,
getAll,,
getAll,,
getAll,,
getAll,,
getAll,,
getAll,,
add,key148,value148
getAll,,
delete,key70,
getAll,,
getAll,,
getAll,,
getAll,,
add,key154,value154
getAll,,
get,key232,
getAll,,
add,key217,value217
add,key47,value47
getAll,,
getAll,,
add,key204,value204
getAll,,
getAll,,
getAll,,
getAll,,
getAll,,
getAll,,
getAll,,
add,key5,value5
getAll,,
getAll,,
getAll,,
add,key209,value209
getAll,,
getAll,,
getAll,,
getAll,,
getAll,,
get,key108,
add,key70,value70
getAll,,
getAll,,
get,key96,
getAll,,
getAll,,
getAll,,
getAll,,
add,key20,value20
add,key138,value138
add,key56,value56
getAll,,
getAll,,
getAll,,
getAll,,
getAll,,
getAll,,
add,key128,value128
getAll,,
add,key54,value54
getAll,,
getAll,,
getAll,,
getAll,,
add,key171,value171
add,key213,value213
get,key32,
get,key228,
getAll,,
add,key165,value165
getAll,,
getAll,,
getAll,,
add,key85,value85
add,key206,value206
add,key173,value173
getAll,,
getAll,,
add,key103,value103
getAll,,
add,key130,value130
add,key60,value60
getAll,,
getAll,,
getAll,,
getAll,,
getAll,,
getAll,,
getAll,,
get,key184,
getAll,,
get,key124,
getAll,,
add,key248,value248
delete,key50,
getAll,,
getAll,,
getAll,,
getAll,,
add,key10,value10
getAll,,
getAll,,
add,key246,value246
add,key11,value11
getAll,,
getAll,,
getAll,,
getAll,,
getAll,,
getAll,,
add,key95,value95
add,key63,value63
getAll,,
get,key68,
add,key210,value210
getAll,,
getAll,,
getAll,,
getAll,,
getAll,,
add,key194,value194
add,key229,value229
add,key106,value106
add,key215,value215
add,key142,value142
get,key156,
add,key53,value53
getAll,,
getAll,,
getAll,,
get,key244,
add,key34,value34
getAll,,
delete,key230,
get,key80,
getAll,,
getAll,,
add,key195,value195
add,key139,value139
getAll,,
add,key96,value96
getAll,,
get,key204,
getAll,,
getAll,,
add,key129,value129
getAll,,
getAll,,
getAll,,
getAll,,
getAll,,
getAll,,
getAll,,
delete,key40,
getAll,,
getAll,,
add,key25,value25
getAll,,
get,key12,
getAll,,
getAll,,
getAll,,
getAll,,
getAll,,
get,key192,
getAll,,
getAll,,
getAll,,
get,key152,
getAll,,
getAll,,
getAll,,
getAll,,
getAll,,
getAll,,
getAll,,
getAll,,
add,key133,value133
get,key120,
getAll,,
getAll,,
getAll,,
getAll,,
getAll,,
getAll,,
getAll,,
getAll,,
add,key247,value247
getAll,,
add,key179,value179
getAll,,
add,key146,value146
getAll,,
getAll,,
add,key93,value93
getAll,,
add,key174,value174
getAll,,
getAll,,
add,key37,value37
getAll,,
getAll,,
getAll,,
get,key24,
getAll,,
add,key182,value182
getAll,,
delete,key170,
getAll,,
getAll,,
getAll,,
add,key92,value92
getAll,,
add,key180,value180
getAll,,
add,key100,value100
getAll,,
add,key61,value61
getAll,,
getAll,,
add,key3,value3
add,key2,value2
add,key74,value74
add,key192,value192
getAll,,
getAll,,
getAll,,
getAll,,
getAll,,
getAll,,
getAll,,
add,key207,value207
add,key211,value211
add,key188,value188
getAll,,
getAll,,
add,key118,value118
getAll,,
get,key52,
getAll,,
getAll,,
add,key28,value28
getAll,,
add,key214,value214
getAll,,
add,key113,value113
getAll,,
add,key147,value147
getAll,,
getAll,,
get,key224,
get,key140,
getAll,,
getAll,,
add,key119,value119
getAll,,
getAll,,
getAll,,
getAll,,
getAll,,
getAll,,
getAll,,
add,key237,value237
getAll,,
getAll,,
add,key158,value158
getAll,,
getAll,,
getAll,,
getAll,,
getAll,,
getAll,,
getAll,,
add,key98,value98
add,key6,value6
getAll,,
get,key116,
getAll,,
getAll,,
add,key136,value136
getAll,,
getAll,,
getAll,,
